id,text
NSA_10,Intercepted phone call on 15 December%2C 2003 from a location in Paris%2C France to a location in Windsor%2C Ontario%2C Canada. The Paris call was from 174 Rue Cardinet; the call was received at 811 Tecumseh Rd. in Windsor. In a brief message the caller says in French; "Mother will meet you in Buffalo on the 28th and will have what you expected." The person receiving the call says: "At Ferry St. as usual?"  The caller says: "Yes."
CIA_29,The Itar-Tass news Agency reported that%2C on 15 April%2C 2004%2C cattle in the city of Blagoveshchensk were found to have foot and mouth disease. One thousand cattle have already been slaughtered. A state of emergency has been declared in six districts of the Amur region.
FBI_29,This special alert concerns assorted vulnerabilities of the SCADA systems. These Supervisory Control and Data Acquisition systems manage the actual flow of electricity and natural gas and perform other critical functions in a variety of other industries including chemical processing plants%2C water purification systems%2C delivery systems%2C and other manufacturing systems. SCADA is largely controlled and maintained by U.S. industries and crucial operations of SCADA are widely available on the Internet. Unauthorized access to SCADA is a constant source of concern. SCADA could be accessed from home computers and laptops. Of special interest are vulnerabilities associated with "trusted insiders."
CIA_28,Response to a request for information about Holland Orange Shipping Lines routes from Casablanca to destinations in the USA and surrounding areas. This shipping line has two freighters%2C Dutch Courage and Orange Queen%2C that regularly deliver cargo to Miami%2C FL.%2C Savannah%2C GA.%2C and Norfolk%2C VA.%2C in the USA. These ships also make deliveries to Santo Domingo%2C Dominican Republic%2C and to Caracas%2C Venezuela. The Orange Queen services ports in the USA and the Dutch Courage services ports in the Dominican Republic and Venezuela.
FBI_28,Information was requested of Belgian intelligence by the FBI on 1 September about Pieter Dopple%2C who lives at 22 Hoveniersstraat%2C Antwerp%2C Belgium. He sent the diamonds to Adnan Hijazi as noted in the USCBP report of 12 July%2C 2004. Belgian intelligence reports that Dopple has been under surveillance as a fence for diamonds obtained by groups%2C many of them associated with Islamic ventures%2C in various places in Africa. It appears that Dopple receives raw diamonds and other precious stones such as tanzanite and cuts and polishes them for distribution. Dopple receives a fee for his services but does not sell the stones himself. He sends them where his suppliers specify. At his interrogation%2C Dopple admitted that he was part of a scheme for transferring funds for militant Islamic groups and agreed to cooperate with investigators. He listed several persons in addition to Hijazi to whom he had sent polished diamonds and tanzanite. One person he named was Ramundo Ortiz%2C who runs a business in Panama City%2C Panama. He further said that he had just sent about $150%2C000 in polished diamonds to Ortiz on 25 September. Asked for the identity of the person(s) who had requested this transaction%2C he could only say that they were from Peshawar in Pakistan.
CIA_27,On 17 February%2C MI 6 requested information on a Malaysian named Ali Sufaat%2C who is reported to be working for the Caribbean Cargo Shipping Lines in Caracas%2C Venezuela. Our sources could only say that Sufaat has worked for Caribbean Cargo intermittently and is reported to have left Caracas for either Cuba or the Bahamas. It is known that Sufaat has traveled to both of these places during his work at Caribbean Cargo.
FBI_27,This report concerns continuing surveillance of the activities of Adnan Hijazi. During the period 20 August to 18 September%2C 2004 Hijazi made thirteen cash deposits to his personal account at the Jersey National Bank in Newark%2C NJ. These deposits totaled $47%2C980.
CIA_26,Surveillance continues on Omar Hanif in Nassau%2C The Bahamas. On 4 February%2C 2004 Hanif took a flight from Nassau to Miami%2C FL. where he boarded a flight to London%2C arriving on 5 February. He then took a connecting flight to Karachi%2C Pakistan%2C returning by the same route on 7 February. While in Karachi%2C Hanif stayed at a residence at 631 Nishtar Rd. This house is now under surveillance by Pakistani Intelligence.
FBI_26,This report concerns results of an FBI interview of the two men apprehended in Carrizo Springs%2C TX on 3 August%2C 2004 [See USCBP Report for 11 August%2C 2004]. Both men spoke perfect English and were very cordial. But they refused to answer any questions and asked to be represented by an attorney. They were fingerprinted and held in custody. Further examination of documents in their possession when they were apprehended revealed a letter%2C written in Arabic%2C from a person named Abdul Nasser. This letter was addressed to a person named Ali al-Omari. This letter simply said: "Go forth with Allah's blessing. You have been my best student." Investigation of these two men continues.
CIA_25,A check on the activities of Ramundo Ortiz reveals that on 27 January%2C 2004 he sent a wire transfer of $150%2C000 in Cuban pesos from the Canal Bank in Panama City to the Peoples Bank in Havana%2C Cuba. This transfer was to an account held by Jose Escalante at the Peoples Bank.
FBI_25,The FBI informant who attends meetings of God's Aryan Militia [GAM] in Texas reports having recorded a conversation between Khalid Shamrani [see FBI Report: 20 November%2C 2003] and three other men%2C two of whom the informant identified as Billy Jack Hawkins and Slade Goodman%2C both of whom are members of GAM. The third person our informant could only identify as a Middle Easterner named "Hafs" or "Halfs". This was the name given him by Shamrani. The gist of this conversation%2C which took place at the Westerner Motel on Almeda-Genoa Rd. in Houston%2C was that actions involving destructive activities in the Houston area and elsewhere would be placed on hold for at least several months. They discussed the apprehension of a militia member named Walter Smith and another person named al Quso in Kansas City. The fear they expressed was that their actions were being compromised.
CIA_24,Surveillance of Omar Hanif reveals that he traveled from  Nassau%2C The Bahamas to Cairo%2C Egypt on 20 December%2C 2003 and returned on 25 December%2C 2003. While in Cairo he was photographed coming out of a shop at 411 Ramses St. in Cairo. He was in the company of two other men. Provided with this photo%2C we were able to identify one of the two men as Saeed Hasham.
FBI_24,More information is available about the overseas trips taken by Adnan Hijazi. In Madrid%2C between 2 - 5 December%2C 2003%2C he stayed at the Catalan Hotel and attended a three-day textiles convention. In Cairo%2C between 22 - 24 December%2C 2003%2C he stayed at the Luxor Hotel. During his stay in Cairo at this time he made regular visits to a jewelry shop at 411 Ramses St. in Cairo. In Paris%2C France%2C between 13 - 18 January%2C 2004 he stayed at the Hotel de St. Marie and attended daily meetings at the Paris offices of Overseas Exports Inc.
CIA_23,Response to a query regarding the person at 65 Avenue San Martin in Santo Domingo [see NSA report 1 November%2C 2003]. Resident at this address is listed as Carlos Morales. Morales works as a taxi driver for the AutoFleet taxi company in Santo Domingo. Records reveal that Morales applied for Dominican Republic citizenship in 2000%2C which was granted in February of 2001. His birth certificate shows that he was born in Buenos Aires%2C Argentina on 4 March%2C 1970. A source who took several rides in a taxi driven by Morales says that he overheard Morales speaking in fluent Arabic to someone he had called using the phone in his cab.
FBI_23,The bail bond company BailOut in Charlotte NC forfeited the $10%2C000 bail bond it guaranteed for Rifai Qasim [alias Omar Blakely] in connection with the theft charge against him [see FBI Report 25 October%2C 2003]. When this bail bond company's investigators failed to locate Qasim/Blakely after four weeks%2C they turned the matter over to the FBI. Qasim and his associate Muhammed Mustafa closed their joint bank account at the Carolina First Bank on 23 October%2C 2003 and fled in a 1997 Toyota Tercel%2C NC license # TQE-732. A 1997 Toyota Tercel bearing this license number was found abandoned in River Rouge Park in Detroit%2C MI on 15 December%2C 2003. Overlooked in the initial examination of this vehicle by Detroit police%2C but later found by FBI investigators%2C was a slip of paper with a phone number on it. The phone number is listed in the name Abdul al Nami%2C who resides at 562 Fenkell Ave. in Detroit%2C MI. Acting on information obtained in DIA Report 5 March%2C 2004%2C a court-sanctioned tap was placed on this phone. On 15 May%2C 2004 a call was placed from this phone to a residence at 237 Hayes Ave in Detroit. The caller said: "Rifai%2C we are all together now. We will let you know when the match will be played. It might take some time to get the right field." The person receiving the call says: "I hope it will not be too long%2C my side is really ready to play." Investigators went to the residence at 237 Hayes Ave. on 20 May%2C 2004 and found it to be unoccupied. Neighbors said that the two Middle Eastern men who had occupied this residence briefly had moved out just a few days earlier. The owner of this residence%2C a Mr. Howard Clark%2C said he had evicted the two men because they failed to pay their rent for two months. Clark did not know where they went.
CIA_22,Query regarding persons from Pakistan registering at Casablanca hotels between 19 - 24 October%2C 2003. At Moroccan Oasis Hotel: Ali Talib [Karachi]%2C 20 - 24 October; Abu Adil [Karachi]%2C 21 - 22 October; Omar al Banna [Peshawar]%2C 21 - 25 October; Nadia Mahfouz [Peshawar]%2C 22 - 24 October; Ali Mishal [Islamabad]%2C 19 - 24 October. At Sahara Atlantic Hotel: Abdel Noufal [Peshawar]%2C 22 - 23 October; Ahmad Miner [Karachi]%2C 19 -21 October; Yasir Salman [Karachi]%2C 20 - 23 October; Jamat Syeed [Hyderabad]%2C 20 - 23 October. At Moroccan Sands Hotel: Shukri Azzam [Hyderabad]; Nidal Awad [Peshawar]%2C22 - 23 October.
FBI_22,Information received from MI 5 regarding Raeed Beandali%2C an American citizen who was listed on Al Qaeda rosters [see CIA report 15 Feb. 2003]. According to this roster%2C Beandali was sent from Afghanistan to London on 12 December%2C 2002. MI 5 tells us that a man was arrested in London on 10 February%2C 2004 for carrying an unregistered British driver's license. The name on this license was Reginald Cooper and the address given on this license was # 12 Lavender Grove%2C Hackney%2C London. When he was arrested%2C Cooper told police constables that he lived alone with his old Mum at this address. Inquiries made at 12 Lavender Grove revealed that it was occupied by several men%2C one of whom was identified by neighbors as a "nice American" who called himself Ralph Bean. An assortment of materials for constructing explosive devices were found in a shed behind this residence. Reginald Cooper was subsequently identified as Mahmud al-Dahab%2C an Egyptian who had been living in London for about 15 years. Asked where Ralph Bean was to be found%2C all Cooper [al Dahab] would say is; "He went home". Checks with airlines revealed that a Ralph Bean%2C traveling on an American passport%2C left London Heathrow on 16 March%2C 2004 for Detroit MI.
CIA_21,Query regarding Cubans registering at Casablanca hotels. Carlos Araneda%2C Havana%2C Cuba%2C registered at the Moroccan Sands Hotel on 19 October%2C 2003; checked out on 22 October%2C 2003. Jose Escalante and B. Bugarov%2C both of Havana%2C Cuba%2C registered together at Sahara Atlantic Hotel on 21 October%2C 2003; checked out on 23 October%2C 2003. Arnoldo Ramirez%2C San Cristobal%2C Cuba%2C registered at Sahara Atlantic Hotel on 18 October%2C 2003; checked out on 22 October%2C 2003.
FBI_21,Received information from  MI 6 about Imad Dahdah%2C who resides at #65 West End Ave. in Nassau%2C The Bahamas. Dahdah was born in Syria in 1964 and came to the UK in 1994. He became active in Islamic affairs and regularly attended the Baker St. mosque. He obtained British citizenship in 1998 and travels under a British passport. He traveled to Afghanistan in 1999 - 2000 and is now suspected of having been trained at an Al Qaeda facility during this time. Dahdah returned to the UK in March of 2000 but left for The Bahamas in June of 2000. He works at an auto repair shop for a minimum wage but is now known to receive periodic funds from an account at the Gulf Shores Bank in Tampa%2C FL. The account from which these funds are drawn belongs to an organization named Middle Eastern Charities.
CIA_20,A paid source in Chitral said he was treated on about 2 October%2C 2003 for a broken arm by a Dr. Badawi in a refugee camp outside Chitral. Asked how he knew it was a Dr. Badawi%2C the source replied that another refugee had told him who this doctor was.
FBI_20,Further information about Abdul al Nami who works as a computer scientist for the Detroit Utilities Co. [see FBI report 8%2C March%2C 2004]. Nami came to the USA from Saudi Arabia in 1994 on a student visa to attend the University of Michigan at Ann Arbor. He earned an MA 1996 in computer science and was granted a green card in 1997 for work at the Detroit Utilities Co. He applied for U.S. citizenship in 1999%2C which was granted in April of 2000. Officials at the Detroit Utilities Co say that al Nami is a splendid worker who has intimate knowledge of the SCADA system and was instrumental in increasing the efficiency of electric power distribution in the Detroit area. Officials said he took a six-months' leave of absence in January%2C 2001 to visit his family in Riyadh.
NSA_09,Intercepted phone call from Casablanca%2C Morocco to Santo Domingo%2C Dominican Republic on 23 October%2C 2003. The call originated from a phone listed at the Holland Orange Shipping Lines in Casablanca; the recipient of the call was at a residence at 65 Avenue San Martin in Santo Domingo. During the conversation the caller states [in Arabic]: "You will receive a shipment of antibiotics at a time we will announce to you. At about the same time you will receive a shipment of medical supplies. We will let you know where these items will be going."
NSA_08,Intercepted phone call on 25 September from Chitral%2C Pakistan to Casablanca%2C Morocco. The call from Chitral was from a prepaid cell phone using an unlisted ID number supplied by an Internet Cafe in Peshawar. The recipient phone is listed as belonging to the loading office at the Holland Orange Shipping Lines in Casablanca. The caller begins by saying: "I have not seen you for quite a while%2C but I will see you at the usual place on the 20th. I'll be in Casablanca for a few days doing other business." The person receiving the calls says: "I will be glad to see you on the 20th; will you be bringing anyone else with you?" The caller says: "Possibly just one of my friends."
NSA_07,Intercepted phone call from a location in Karachi%2C Pakistan to a location in Panama City%2C Panama. The location in Karachi is # 631 Nishtar Rd; the location in Panama City is 993 Panamico Ave. The caller says [in English]: "Can you help us sell a large assortment of very high quality tanzanite in a short time?" The person receiving the call says: "Yes%2C will the money go to the usual place?" The caller replies: "Yes%2C for this shipment%2C but the money from other shipments may go to other places; we will let you know."
NSA_06,Intercepted phone call on 5 September%2C 2003 from a location in Nassau to one in Freeport in the Bahamas. The Nassau location is: # 11 Apple St. and the Freeport location is 1789 Grenfel Ave. The resident at the Nassau address is named Omar Hanif; the resident at the Freeport address is named Muslih Odeh. In part of this message the caller says: "Do you remember the meeting I went to in Karachi last March? I am going to offer you a promotion%2C will you accept it?" The reply is: "Yes%2C of course."
NSA_05,Intercepted phone call on 3 September%2C 2003 from a location in Moscow%2C identified as a phone at the Central Russian Airlines offices%2C to a pay phone located in a bus station in Chitral%2C Pakistan. The caller%2C speaking in Russian says: "Bugarov will meet you in Casablanca on 22 October. Let me know immediately if you cannot come." The receiver of the call replies%2C also in Russian%2C but with an Arabic accent: "I will be there for sure."
NSA_04,Recorded e-mail traffic on AOL from the Oasis Internet Cafe in Marrakech%2C Morocco to the username rder3. The name rder3 belongs to a user in Windsor%2C Ontario%2C Canada. The person to whom this account is billed is R. Derwish%2C whose address is given as 811 Tecumseh Rd. Part of this message%2C in English%2C reads: "...all you need will be sent to you on 15 July. Do not fail to have it in Abdul's hands before 1 August%2C 2003..."
NSA_03,Intercepted phone call from Paris to Ojinaga%2C Mexico. The Paris call originated from # 12 Rue De Civry; the Ojinaga location is a pay phone at the Cabrito Hotel. In part of the message%2C in Arabic%2C the caller says: "...we will let you know when S and R can make a safe passage north..."
NSA_02,Intercepted phone call in Arabic on 25 April%2C 2003 from a location in Amsterdam to a location in Montreal%2C Canada. The Amsterdam location is: 29 Grootslagstraat%2C Amsterdam; the Montreal location is 721 St Clare St.. In part of this message the caller says: "...the best place for father to stay in Chicago is at 2211 Cermak Rd. because the rent is very cheap..."
NSA_01,Intercepted phone call%2C in Arabic on 28 March%2C 2003 from a location in London to a location in Paris. London location is: 16 Becklow Rd%2C Shepard's Bush; Paris location: 73 Rue Duhesme. In part of this message the caller says: "...I hope you can cook a lot of white meat in Texas..."
CIA_19,One of the men identified in the photo taken in Peshawar on 2 January%2C 2003%2C mentioned in the CIA report of 20 April%2C 2003%2C was a Mamdouh al Hazmi. This person is a Saudi known to have been associated with Al Qaeda. Recently obtained records reveal that a Mamdouh al Hazmi was killed in a firefight with American forces on 12 March%2C 2003 near Orgun in Afghanistan.
FBI_19,Further information regarding Saeed al Nami and and Riyad al Taifi who were apprehended on 26 December%2C 2003 during a robbery attempt in Arlington%2C Texas [see FBI report 2 January%2C 2004]. Both of these individuals are Saudis who came to Buenos Aires%2C Argentina in January of 2001. They are both wanted by the police in Buenos Aires for their role in the bombing of a Jewish synagogue in Buenos Aires in April of 2002. Escaping apprehension%2C they went to Calamar%2C Columbia in May%2C 2002%2C  where they are now known to have been active in collaborating with the ELN. In January%2C 2003 they came to the USA following a route taken by other Islamic militants known to have come into the USA. This route took them from Calamar to Cartagena in Columbia and then by boat to Guane in Cuba. They then went by boat from Guane%2C Cuba to Chetumal%2C Mexico. From Chetumal they traveled to Mexico City and then on to the border town of Ojinaga%2C where they were smuggled into Presidio%2C Texas. In Ojinaga they were both supplied with Texas driver's licenses and U.S. currency by a person whose name they said they could not remember. They went by bus to Ft. Stockton%2C San Antonio%2C and then on to the Dallas area. A search of their apartment at 2727 Robinson Rd. in Grand Prairie%2C Texas revealed an assortment of automatic weapons and the addresses of two men known to be associated with God's Aryan Militia in Texas. These men are Billy Jack Hawkins%2C 1212 Pipeline Rd.%2C Euless%2C Texas%2C and Slade Goodman of 899 Almeda-Genoa Rd. in Houston%2C Texas.
CIA_18,Further information was requested on Muslih Odeh%2C who was mentioned in an NSA report of 15 September%2C 2003. MI 6 reported that Muslih Odeh is believed to be a Saudi and is not a British citizen. Saudi Intelligence reported that a Muslih Odeh was born in Jeddah in 1967 and was last recorded as living in Saudi Arabia in Riyadh in 1998.
FBI_18,In response to a DIA report of 5 March regarding Abdul al Nami%2C a check was made of persons with this name in the Detroit area. There are two persons having this name in the Detroit area. One lives at 562 Fenkell Ave. and the other lives at 766 Livernois Rd. Neither of these two persons have been the subject of FBI investigations in the past. It is now known that the 562 Fenkell Ave. resident is employed as a computer scientist by Detroit Utilities Co. and has worked there for seven years. He holds an American passport giving this address and has lived in the USA for ten years. The resident at 766 Livernois Rd. is a history teacher at the Westfields High School in the Ferndale area and was born in the USA of Saudi parents in 1969. Investigation of these two persons continues.
CIA_17,Based on a NSA intercept reported on 12 September%2C 2003%2C information was requested about a person named Bugarov%2C presumably Russian%2C who might have had contact with Pyotr Safrygin at the Vector Institute in Moscow. It is believed that a Boris Bugarov worked as a scientist on bioweapons at Vector between the years 1986 and 1990. In 1990 he traveled to Havana%2C Cuba with a Maj. Gen. Yury Kalinin%2C but returned to Moscow shortly thereafter. He has not been seen since then; but sources in Russia say he has returned to Cuba and now lives in Havana where he works in some capacity for the Cuban government.
FBI_17,Further information regarding the activities of Jamal al Shibh. When he was observed distributing the jihadic literature on the University of Miami campus%2C he was accompanied by a person who has now been identified. He is Muhammed Dandani%2C whose residence is 455 11th St. in Miami Beach%2C FL. There is no further information about Dandani.
CIA_16,Based on the NSA report of 1 July%2C 2003%2C information was solicited from RCMP regarding the activities of an R. Derwish who lives at 811 Tecumseh Rd. in Windsor%2C Ontario. The RCMP report that this person's name is in fact Satam Derwish%2C a Saudi who has used the first name Ronald since he arrived in Canada in 1992. Derwish now holds a Canadian passport. Derwish has been under surveillance recently by the RCMP because of his associations with suspected Hezbollah members in Windsor and in Detroit%2C Michigan. Derwish works as a ticket agent for Canada Eastern Airlines in Windsor. He gets frequent trips at low cost to various places in the USA and has traveled recently to Newark%2C NJ%2C Chicago%2C IL%2C and Columbus%2C Ohio%2C all of which are cities served by Canadian Eastern Airlines.
FBI_16,Update on the surveillance of Adnan Hijazi. Checks with airlines reveal that he made three trips overseas in the last three months: Madrid%2C Spain [1 - 5 December%2C 2003]; Cairo%2C Egypt [21 - 24 December%2C 2003]; Paris%2C France [ 12 - 18 January%2C 2004].
CIA_15,A Pakistani citizen volunteered on 15 July%2C 2003%2C for a price%2C to provide information about what happened to the former occupants of #88 Sahibzada Gul Rd. in Peshawar. All he could say is that he knew they went north%2C most likely to Chitral. Asked to provide more information about the previous occupants%2C all he would say is that he knew they were Al Qaeda. A footnote to this story is that%2C on 17 July%2C this informer was found with his throat slit in a back alley in Peshawar.
FBI_15,Jamal al Shibh%2C of Yemeni origin%2C has been the Imam at the Tawhid Mosque in Miami%2C Florida for the past ten years. As a result of recent reports provided by informants about al Shibh's call for jihad in America%2C he has been under surveillance. He was photographed on 2 February%2C 2004%2C on the University of Miami campus in Coral Gables%2C distributing literature%2C written in Arabic%2C at various locations known to be frequented by Islamic students. This literature describes how well the city of Miami illustrates that America has become a sink of vice and corruption. Examples are provided of the easy availability of sex and drugs in the Miami area. This literature also calls for immediate jihadic action in order to prevent the corruption of Muslims in America. Especially singled out in this literature is the tourist industry in the Miami area.
CIA_14,Biographical information was requested on Ramundo Ortiz in Panama City. Records reveal that Ortiz runs a business that deals with art objects as well as precious stones. He is known to be an expert evaluator of diamonds and tanzanites. His business is located at 993 Panamico Ave in Panama City. He travels extensively throughout Central and South America. He is also known to have traveled to Havana%2C Cuba on many occasions. He is known not to be associated with narcotics traffic in any way. He appears quite prosperous and supports many local charities. But it is also known that he does business with a variety of clients in Africa and the Middle East%2C especially in Iran and Pakistan.
FBI_14,Based on the information about Wali Shakur%2C noted in the FBI report of 27 November%2C 2003%2C agents were sent to interview him at the 224 Paulson Ave. Clifton NJ address given in this report. Before this interview information was obtained about Shakur's background. He is an American citizen%2C having been born in 1970 in New Brunswick%2C NJ of parents who were immigrants from Pakistan in 1965. Shakur attended Rutgers University for two years %2C dropping out in 1990 in order to study at the American University in Beirut%2C Lebanon. He returned to the USA in 1993. Shakur was shown a copy of the e-mail he had received from either Ahmed Doha or Abu Ayyash on 3 November%2C 2003. He was also asked what the 4%2C000 in this message referred to. Shakur replied that both Doha and Ayyash were students at the University of Missouri and were good friends of his father and that he%2C Shakur%2C did not know them personally. Shakur said that his father had in 2001 loaned them $8%2C000 and had not yet received any payment on this loan. Shakur said he requested at least half payment on this loan and later received a Western Union wire of $4%2C000 from Doha. Shakur said he gave the cash to his father. Asked for his father's address%2C Shakur said his father had died on 2 January%2C 2004. Shakur's activities remain the subject of FBI investigations.
CIA_13,On 20 June%2C 2003%2C three men were arrested at # 71 Voorburg straat in Amsterdam. All three men were of Indonesian origin and had emigrated to The Netherlands in the mid 1990s. These men were arrested on evidence that they had formed a plan to destroy a number of Jewish synagogues in Amsterdam and in other places in The Netherlands. One person was identified as being of special interest to us; his name was established as Riduan Sungkar%2C who was born in Kuala Lumpur in 1974. When he was taken by the police%2C Sungkar was carrying an airline ticket from Schiphol Airport in Amsterdam to Chicago%2C IL with a connecting flight to Los Angeles%2C CA. The departure date on this ticket was 23 June%2C 2003. He was also carrying a Dutch passport in the name: Omar Evertts%2C giving his address as # 71 Voorburg straat%2C Amsterdam. In addition%2C he had a small notebook containing several names and addresses%2C two of which were of persons located in the Los Angeles area. They are: A. Somad%2C 235 Buckthorn St%2C Inglewood CA%2C and Y. Bafaba%2C 773 Flaxton St.%2C Culver City%2C CA.
FBI_13,On 26 December%2C 2003 two men were arrested during a robbery attempt at the FirstTex Bank at 435 Fielder Rd. in Arlington%2C Texas. The two men%2C both wearing ski masks%2C were apprehended by Arlington police as they fled from the bank. The men were identified as Saeed al Nami and Riyad al Taifi%2C both living at 2727 Robinson Rd%2C Apartment 6%2C in Grand Prairie%2C Texas. Each one had a Texas driver's license that was forged%2C and neither could produce a passport of any kind. They both said they had entered the USA from Mexico at Presidio%2C Texas and had come to Mexico by way of Central America from Columbia. Both spoke perfect English and were unemployed at the time. An investigation of their residence revealed money in bags identified as belonging to several other banks in the Dallas area. The total amount in the bags amounted to $42%2C010. In addition%2C there were small arms of various sorts and literature concerning jihad activities. They rented this apartment from a woman named Ruth Tucker%2C who said that they had lived in this apartment for three months%2C had never caused any trouble%2C and paid their rent on time. She also said that they had told her they were students at the University of Texas in Arlington. One item of mail was discovered in their apartment; it was a letter written in Arabic from a person named A. Doman who gave a return address on the envelope as 231 12th St. in Columbia%2C MO.
CIA_12,A number of bombings were attempted in Casablanca on 16 May%2C 2003. Of five attempts only one succeeded in causing mass casualties. In four of the attempts that failed only the bombers were killed. These bombings are believed to have been the actions of local individuals who may have been trained by Al Qaeda in Afghanistan. A person believed to have been a participant in the successful bombing was apprehended on 18 June%2C 2003; his name is Mohamed Essabar. On interrogation%2C Essabar was asked to reveal the names of other participants%2C which%2C even under duress%2C he refused to do. However%2C when he was arrested he was carrying a note in Arabic signed by a person named A. Atmani. One person of interest having this name is Abdellah Atmani%2C who has been a resident of Casablanca all his life. During interviews with Atmani%2C it became clear that he had no part in the bombings on 16 May%2C 2003. However%2C his name was brought to our attention because Atmani works as a loading supervisor for the Holland Orange Shipping Lines that has offices and docks in Casablanca. Holland Orange ships make regular freight runs from Casablanca to a variety of locations along the east coast of the USA as well as to places in the Caribbean. Moroccan police reported that they were keeping Atmani under surveillance.
FBI_12,A tip from an anonymous source directed investigators to a residence at 2111 Troost Ave. in Kansas City%2C Missouri. This source said that explosives were being manufactured at this residence by some terrorists who intended to blow up several buildings in the Kansas City Area. A warrant was obtained to search this residence on evidence provided by an examination of items found in garbage sacks that were picked up by an FBI officer posing as a garbage collector. Traces of chemicals necessary to produce explosives were found on items in this garbage. When this residence was searched on 22 December%2C 2003%2C one man%2C who gave his name as Walter Smith%2C was the only person at home. While the investigation was proceeding%2C another man entered and was apprehended. Subsequent identity checks revealed this man to be Jamal al Quso%2C who had come from Chicago to Kansas City. What was found at this residence were batches of hexamethylene triperoxide diamine [HMTD] and cyclotrimethylene trinitramine [RDX]%2C both primary explosives. Also found were three garbage sacks full of urea and aluminum sulfate. In later investigations of this residence%2C detailed drawings were found of three popular casinos in the Kansas City area: the Argosy Riverside Casino%2C the Isle of Capri Casino%2C and Harrah's Casino.
CIA_11,A house at #88 Sahibzada Gul Rd. in Peshawar%2C suspected of being an Al Qaeda safe house%2C was raided on 15 May%2C 2003 by Pakistani Intelligence. Unfortunately%2C apparently being tipped-off%2C the occupants had fled the day before. However%2C in the mess they left behind%2C there were a few items of interest. One was an expired Pakistani passport issued to a person named Yasir Salman. Other items included a doctor's stethoscope; notes taken in Arabic on Legionella and gastroenteritis; and notes%2C written in Arabic%2C about the results of a May%2C 2002 project in the USA called TOPOFF I. In addition%2C an opened envelope addressed in Arabic to F. Badawi was found behind a cabinet in one of the rooms in this house. Finally%2C a note written in Arabic simply stated: "Karachi%2C March 10%2C 2003%2C Safrygin%2C funds."
FBI_11,In response to a request%2C the FBI searched its files for information on subjects having the initials J. T. [in Detroit%2C MI]%2C A. H. [in Newark%2C NJ]%2C and M. M. [in Laurel%2C MD]. Eight persons with initials J.T. were discovered in Detroit%2C but all these persons are known to the police and have no interesting information in their files. One person was identified with the initials A. H. in Newark; his name is Adnan Hijazi. Hijazi had been interviewed by the FBI following the 9/11/01 attacks. He was cleared of any association with these events and presently has no other entries on his record. There are just two persons in FBI files for Laurel%2C MD with initials M. M. One is Martha Mason and her file reveals that she was convicted on 21 January%2C 2002 for the distribution of narcotics; she is now incarcerated. The other is Mounir Mzoudi%2C of Moroccan descent%2C who holds a degree from Baltimore City College%2C which he obtained in 1994. Mzoudi currently lives at 2116 27th St. in Laurel%2C MD. Mzoudi recently attracted the attention of the FBI because%2C according to a source in Baltimore%2C Mzoudi  had a past association with an organization called the Islamic Circle of North America [ICNA]. He attended a meeting of ICNA held in Baltimore from June 20 to July 2%2C 2000. ICNA quite openly supported the Taliban at this time.
CIA_10,In response to our query about other associates of Omar Mahmoud Othman at the Baker St. Mosque in London%2C MI 5 responded with information that a man named Omar Hanif had been given employment by Othman at this mosque in the period 1993 - 1998. He left the UK for a year in 1999 and was possibly in Afghanistan. Travel records show that he traveled from London Heathrow to Islamabad in February of 1999 and returned to London from there in December%2C 1999. Hanif holds a valid British passport and now lives at #11 Apple St. in Nassau%2C The Bahamas. He is employed by a chain of hotels in the Bahamas and works at the Seashore Hotel in Nassau and%2C occasionally%2C at the Freeport Star Hotel in Freeport. Another name mentioned by MI 5 to be associated with Othman was Jamal al Quso%2C who came to the UK from Yemen in 1993. He applied for British citizenship in 1998 but was refused because of his repeated troubles with the law. He was convicted of inciting to riot in 1996 and served a one-year suspended sentence. Records reveal that he left London Heathrow on a flight to Chicago%2C Illinois on July 17%2C 1999.
FBI_10,Ahmed Doha and Abu Ayyash are both registered as graduate students at the University of Missouri in Columbia%2C MO. Both Doha and Ayyash have Saudi student visas issued in July%2C 2001.  Doha was charged with filing a fraudulent insurance claim. On 10 October%2C 2003 Doha filed a claim with Ayyash's insurance company%2C Central Farmers Auto Insurance Co.%2C for a back injury he said he suffered on 12 September%2C 2003 when his car was struck from behind by one driven by Ayyash. Doha's insurance company is the Mid States Insurance Company. Both the Mid States and Central Farmers representatives who subsequently investigated the accident and who handled this claim both stated that Doha and Ayyash said they did not know each other. Doha was paid $11%2C000 in settlement of this claim on 1 November%2C 2003 by Central Farmer's Insurance Company. A check of the records at Mid States and Central Farmers insurance companies reveals that both Doha and Ayyash paid for their auto insurance policies from the same account at the Columbia First State Bank. On a valid search warrant%2C Doha's apartment at 231 12th St. in Columbia was searched on 20 November%2C 2003 and it was discovered that Ayyash also lives in this apartment. A Dell laptop computer at this residence was taken by the police. Also taken were CDs containing a 7%2C000 page version of the Encyclopedia of Jihad. The computer%2C when examined%2C revealed e-mail messages to and from over 100 addresses in the USA. Many of these messages seemed to involve only personal and academic matters. But one message that attracted attention was sent on 3 November%2C 2003 to an AOL address for a person identified as wshakur. This message read: "4%2C000 you requested sent by wire today." This e-mail address belongs to Wali Shakur%2C who lives at 224 Paulson Ave. in Clifton%2C NJ. Both Hamas and Al Qaeda are known to have a presence in Columbia%2C MO. An investigation continues regarding the possible association of Doha and Ayyash with these groups.
CIA_09,This source reported that over 500 carats of polished diamonds were traded by an organization representing rebel forces in Liberia for an assortment of weapons. The person acquiring the diamonds from this organization was identified only as an Arab businessman who had done such trading in the past. This person requested that these diamonds be sent to an address in Panama City%2C Panama%2C which he gave as: 993 Panamico Ave. The package%2C to be delivered to a Ramundo Ortiz at this address%2C was to be marked for customs purposes as art objects having a commercial value of $250.00.
FBI_09,Among the persons under surveillance for possible Al Qaeda associations in the USA is Khalid Shamrani%2C a Saudi national who lives and works in Houston%2C Texas for the TexEast Petroleum Co. Shamrani has held a work visa since April%2C 2000. Suspicion first fell on Shamrani as a result of his attendance at a meeting of God's Aryan Militia in Denton%2C Texas on 12 March%2C 2003. He attended another meeting of this militia group in Mineral Wells%2C Texas on 16 June%2C 2003. An FBI informant who attends the meetings of this militia group developed a friendship with Shamrani and was invited to his home at 3236 Pine St. in Bellaire%2C Texas. The informant says he there saw elaborate diagrams of the Houston Ship Channel and detailed plans for Reliant Stadium and the Galleria Shopping Mall in Houston. The informant also said that Shamrani revealed his association with an Islamic group that had many of the same objectives as God's Aryan Militia including the elimination of Zioni st influence on the US government. The informant also reported that Shamrani said there would be "big events" in Houston%2C Chicago and in other places during the next year%2C but he did not elaborate on the nature of these events.
FBI_08,On 1 November%2C 2003 Mousa Salah%2C of no fixed address in Herndon%2C VA.%2C was arrested at Dulles International Airport as he attempted to board a flight to London Heathrow. At the time of his arrest he was using a Jordanian passport in the name Shadi abu Hoshar. Salah has been wanted in connection with Hamas fund-raising and other activities in Northern Virginia. It is believed that Salah entered the USA illegally from Windsor%2C Canada into Detroit%2C MI in 2002. Salah was in possession of a Virginia driver's license # T21-23-8820 registered in the name Mousa Salah. Virginia DOT records show that this same license number was issued on 10 August%2C 2001 to a woman named April Stevens of Roanoke%2C VA. Ms Stevens is not the subject of further investigations; she teaches kindergarten classes in Roanoke. The address shown on Salah's driver's license does not exist. Several numbers and initials were written on the back of an envelope in possession of Salah at the time of his arrest; they are: (i) J. T.%2C Detroit%2C (ii) A. H.%2C Newark%2C (iii) M. M.%2C Laurel.
CIA_08,Mohamed al Omari is a Saudi who was apprehended by Pakistani police in Peshawar on 12 January 2003. Omari was badly wounded at the time%2C saying that he was shot while attempting to desert from an Al Qaeda insurgent group that had taken refuge near Parachinar on the Afghanistan-Pakistan border. Omari was placed in a hospital and%2C after his recovery%2C he was encouraged to talk about his Al Qaeda activities. Among the items of information Omari revealed was that he had been at the Farooq training facility in 2001 before the American presence in Afghanistan. He was shown photos of various persons and asked if he could identify any of them. One photo%2C that had been taken in Peshawar on 2 January%2C 2003%2C showed a group of four men. Omari said he knew three of them since they had been with him at the Farooq training camp. One man he identified as Dr. Badawi%2C the second he identified as Mamdouh al Hazmi%2C and the third he identified only as Hasham; Omari could not remember his first name. Omari said that all three were members of Al Qaeda.
FBI_07,RCMP reported the apprehension at Toronto Airport on 1 November%2C 2003 of a man posing as a Dominican priest. This man was traveling from CDG%2C Paris on a French passport under the name: Fr. Augustin Dominique%2C having the address 174 Rue Cardinet%2C Paris. When asked a question about his destination in Toronto%2C the man mistakenly answered in Arabic rather than in French. CSIS have identified this man as Abdal al Hawsawi%2C a Saudi now known to have been associated with a chemical weapons expert in Afghanistan named Abdul Ahmed Nasser. On the ticket folder Hawsawi was carrying appeared the address: 1712 Ferry St%2C Buffalo%2C NY.
CIA_07,On 2 April%2C 2003 the Surete' de l'Etat issued a bulletin concerning a Moroccan named Abdillah Zinedine [alias: Abu Hafs] who had%2C among others%2C been occupying a house at 73 Rue Duhesme. Zinedine had been wanted in connection with an attempt to blow up (faire sauter) the Amercan Embassy in Paris in the Fall of 2001. Zinedine is an explosives expert who was in Afghanistan from 1997 - 2000 and who provided Al Qaeda  members with explosives training at the Al Badr II training camp in the Pakhtia province area of Afghanistan. It has recently been learned that Zinedine left Paris on a flight to Montreal%2C Canada on 1 April%2C 2003. He was using a fraudulent French passport in the name Mehdi Rafiki. Another occupant of the house at 73 Rue Duhesme%2C on interrogation%2C reported that Abu Hafs%2C as he knew Zinedine%2C said he was on his way to Chicago to visit an old friend whom he only identified as Murad. This source%2C identified as another Moroccan Zakarya Ziyad%2C said that Zinedine had mentioned that he and Murad would be doing "great things" in several cities in America.
FBI_06,Regarding Jamal al Quso%2C who was said by MI 5 to have come from London to Chicago in 1999 [see CIA report for 16 May%2C 2003]%2C the Chicago FBI field office responded by reporting that a Jamal al Quso had landed at O'Hare Airport on July 18%2C 1999 using a British passport in his name. A check with USCIS reveals no evidence that he ever left the USA since his arrival. In addition%2C the name Jamal al Quso has been associated by an informant with Islamic Jihad%2C which is known to have a presence in Chicago. On 28 September%2C 2003 a house at 2211 Cermak Rd. in Chicago%2C said by the informer to be occupied by members of Islamic Jihad%2C was raided by an FBI team acting under a warrant. One person%2C Abdul Murad%2C was the only person at this residence at the time of the raid. Thirty kilos%2C of C-4 plastic explosives were found at this residence along with an additional 25 kilos of Semtex. Maps of O'Hare Airport and diagrams of the Sears Tower were also confiscated. Murad%2C now being held%2C has refused to say who the other occupants of this residence are. However%2C on a notepad found in the room Quso possibly occupied at this residence was listed the message [in Arabic]: "Jamal%2C call Khalid S.%2C Texas%2C tomorrow for sure." Jamal al Quso's present location is not known.
CIA_06,(a) Saeed Hasham [aliases: Hamid Qatada%2C Yasir Salman]. Member of central staff%2C Al Qaeda; headed Farooq training camp in Khost area; name appears on many planning documents for insurgent activities in 2002 at Jorm%2C Taloqan%2C and the Salang tunnel; received special notice from Osama bin Laden on 22 September 2002 for his planning of successful insurgent actions. (b) Khalid Taha [no recorded aliases]%2C an Egyptian who headed the Spin Shaga camp in Pakhtia province for Kashmiri militants; specializes in chemical weapons. (c) Fahd al Badawi [no recorded aliases]; a Saudi with a medical degree from University of Cairo%2C Egypt having a specialty in immunology; on medical staff at Farooq training camp in 2001; awarded for successfully treating Osama bin Laden for a bacterial infection in July%2C 2000.
FBI_05,In identifying the presence of possible Hezbollah members in the Charlotte NC area%2C the name Rifai Qasim%2C has recently surfaced. An Egyptian passport in the name of Rifai Qasim was found recently on the floor of the Southern Trailways bus depot in Charlotte%2C NC. Examined by the Charlotte police%2C the picture on this passport matches the appearance of a person using the name Omar Blakely%2C who was charged with the theft%2C on 1 October%2C 2003%2C of several items [total value: $3000] from an electronics supply store in Charlotte. Blakely gave his address as: 3131 Western Ave. in Charlotte. Blakely is now out on bail that was guaranteed by a bail bond company named BailOut%2C in Charlotte%2C NC. The $2%2C000 that this bond cost was paid by a check written on an account at the Carolina First Bank held jointly in the names: Omar Blakely and Muhammed Mustafa. Bank records reveal periodic deposits to this account%2C usually in the amount of $3000%2C from an account at the First Emirate Bank in Dubai%2C UAE. The Carolina First Bank account in the name of Blakely and Mustafa was closed on 23 October%2C 2003 and the house at 3131 Western Ave is now unoccupied. However%2C a search through this abandoned house revealed the envelopes of several letters addressed to Rifai Qasim.
CIA_05,Pyotr Safrygin was formerly director of security at the Vector institute in Strizi%2C Russia. He now holds the position of director of security for Central Russia Airlines. He was born in Lipetsk%2C Russia on 26 December%2C 1950 and now lives in Moscow.
FBI_04,A man using an Illinois driver's license in the name Abu Hafs%2C address 2211 Cermak Rd.. in Chicago%2C rented a car at the Drexel Car Rental Agency in Chicago on 27 September%2C 2003. This car was never returned to the Drexel agency. It was found abandoned in a parking lot at O'Hare Airport on 2 October%2C 2003. On 27 April a roundtrip airline ticket to Hobby Airport in Houston%2C Texas was issued by Central States Airline at O'Hare Airport to a man who gave his name as Mehdi Rafiki. Rafiki paid for this ticket in cash and used as identification a French passport in the name Mehdi Rafiki
CIA_04,This source reports observing%2C near Calamar on 3 March%2C 2003%2C three men he knew were Cubans discussing the transfer of cocaine with members of the National Liberation Army [ELN] in Columbia. The source recognized one of these Cubans as Jose Escalante. This source says that he knew Escalante when they were students in 1991 at a school for medical laboratory technicians in Havana. This source said he believes that Escalante works in some capacity for the Cuban military. Our source also stated that Cuban representatives frequently visit in the tri-border area of Columbia%2C Ecuador and Peru to arrange for the exchange of weapons of various sorts needed by ELN for cocaine%2C that the ELN supplies to the Cubans who sell and distribute this narcotic throughout the Caribbean and Central American region.
FBI_03,In response to the CIA report [29 June%2C 2003] regarding Abu Somad%2C 235 Buckthorn St%2C Inglewood CA%2C and Yazid Bafaba%2C 773 Flaxton St.%2C Culver City%2C CA.%2C investigators visited these two persons at their residences. Both Somad and Bafaba said they had never heard of persons named Riduan Sungkar or Omar Evertts. Each of Somad and Bafaba was asked if they knew the other and they replied that they did not. However%2C it was later established that both Somad and Bafaba appeared together in a surveillance photo taken at the CalNational Bank in Culver City. Records of this bank indicated that Somad and Bafaba hold a joint account at this bank and that they have received several deposits of $1000 to this account from BMI%2C a private Islamic investment company in Newark%2C NJ.
CIA_03,Surveillance report on Cesar Arze%2C whose residence is 77 Avenue Francis%2C Santo Domingo%2C Dominican Republic. Arze%2C who moved from Havana%2C Cuba to Santo Domingo in 1992%2C works as a medical technician in Santo Domingo. Arze is under surveillance because of information that he is associated with Cuban intelligence services. Arze was photographed in company with a man identified as Hector Lopez in Bogota%2C Columbia on 23 January%2C 2003. Lopez%2C a known representative of FARC%2C has conducted narcotics distribution activities throughout South and Central America and the Caribbean.
FBI_02,Riyad Yasser%2C a UK citizen%2C was arrested on 1 May%2C 2003 following an accident on the M4 Motorway near the Heston Service Area outside of London. Yasser has been an air traffic controller at Heathrow Airport for the past six years. Two kilos of Semtex were found in the trunk of his car. A videocassette of a sermon given by Omar Mahmoud Othman%2C formerly a Salafi jihad preacher at the Baker St. Mosque in London%2C was found in Yasser's apartment at # 44%2C Northumberland Circle%2C East Bedfont%2C London. Also found in Yasser's apartment was a note containing several addresses in Canada%2C the USA%2C and in Nassau in the Bahamas. The addresses are: 721 St. Clare St.%2C Montreal; 455 11th Street%2C Miami Beach%2C FL; 1712 Ferry Ave.%2C Camden%2C NJ%2C and 11 Apple St. in Nassau%2C The Bahamas.
CIA_02,(a) David Loiseau%2C Canadian citizen from Toronto. Kanjak Training Camp%2C 2000-2001; wounded near Gizab%2C March 2002. (b) Raeed Beandali%2C American%2C Detroit MI.%2C Mine warfare training%2C Al Khaldun  training camp%2C 2000-2001; wounded near Qalat%2C 26 November%2C 2002; sent to London 12 December%2C 2002. (c) Fahd Khadr%2C Canadian%2C Montreal. Light weapons training Al-Badr I training camp%2C 1999-2000. Sent home 23 October%2C 2000.
FBI_01,This report concerns a bulletin issued on 2 April%2C 2003 by the Surete' de l'Etat in Paris concerning a Moroccan named Abdillah Zinedine%2C alias: Abu Hafs [See CIA report for 17 April%2C 2003].The Surete' reported that Zinedine left Paris on a flight to Montreal%2C Canada on 1 April%2C 2003 and was traveling under a French passport in the name of Mehdi Rafiki. A Mehdi Rafiki did arrive in Montreal on 2 April%2C 2003 and said the purpose of his visit was to attend the funeral of an uncle. He listed his Montreal contact address as 175 Rue Durocher. This address belongs to an Irish pub operated by a man named Patrick O'alley. O'alley says he never heard of any person named Mehdi Rafiki. But a man using a French passport in the name Abu Hafs rented a car at the Canadauto Car Rental Agency in Montreal on 2 April%2C 2003. This rented car was never returned to this agency. It was discovered abandoned on Walden Ave near Schiller Park in Buffalo%2C NY on 6 April%2C 2003
CIA_01,A Russian named Igor Kolokov was arrested in Cairo on 29 January%2C 2003 and charged with assault on an Egyptian police officer who had attempted to arrest him for being drunk in public. Kolokov sells medical supplies throughout the Middle East and represents a company in  Moscow called Medikat. A background check on Kolokov reveals that he was formerly an administrator at the Soviet institute Vector in Strizi%2C near Kirov in Russia. When he was arrested%2C Kolokov was carrying a card with a note on it reading [in Russian]: "Safrygin for H. Q.%2C Peshawar."
DIA_03,A Saudi named Khaled Jehani was captured near Feyzabad on 16 February%2C 2004. When captured Jehani was carrying a laptop computer which%2C when examined%2C was found to contain an assortment of information regarding the SCADA system in the USA that controls%2C among other things%2C our electric grid and natural gas pipelines. This information had been obtained from an Internet site in the USA. In addition%2C this laptop computer contained a variety of information regarding the construction of e-bombs [electromagnetic pulse bombs]. On further interrogation of Jehani%2C he was found to have been trained in computer science at the University of Maryland where he obtained his BA degree [1995] and MA degree [1997]. A list of contacts was found along with information about the SCADA system%2C two of whom are in the USA. The two persons in the USA are: Abu Somad and and Yazid Bafaba in Los Angeles%2C CA. One name in the USA and one in Canada were found along with the information about e-bombs. The Canadian person is R. Derwish [Windsor] and the American is Abdul al Nami [Detroit].
DIA_02,Interrogation of a man calling himself Kamal Abdullah who says he a Jordanian; captured near Asadabad on 1 February%2C 2004. Came to Afghanistan in 2000 for training with Al Qaeda%2C Says he has gone back and forth from Afghanistan to Pakistan on several occasions. Asked where he went in Pakistan%2C Abdullah said he had usually gone to Chitral%2C where he stayed at a refugee camp. He said he was last there in December%2C 2003. Asked if he knew any prominent Al Qaeda persons seeking refuge in Chitral%2C Abdullah could only name three: Ali Sittah%2C an Egyptian who had been on the central staff of Al Qaeda; Talat Rushdi%2C also an Egyptian who ran the Omar training camp in the Khost area%2C and Saeed Hasham%2C a Saudi who had been in charge of planning insurgent missions against the Americans.
DIA_01,Interrogation of Abdul Ahmed Nasser%2C a Saudi born October 1967 in Abba. Captured 3 February%2C 04 at Baglan.  Entered fight against Russians in Chechnya in 1997; went to Afghanistan 1999; provided chemical weapons training to Taliban/Al Qaeda members. Very talkative and says he has former students now in the USA who will shortly have lots of cocktails for "American alcoholic bastards."
CIA_43,Received information from a source following Omar Hanif that yesterday [15 December%2C 2004]%2C Hanif met two men as they departed from the cruise ship "Viking Holiday". The source said that Hanif had taken these men to his residence at 11 Apple St. in Nassau.
CIA_42,This source%2C assigned to cover the activities of Omar Hanif%2C reported that on 1 December%2C 2004 he had followed Hanif as he took an inter-island ship called the "Packet" from Nassau to Freeport in the Bahamas. Hanif was carrying a package that the source said carried a label in what he thought was Russian [but which he could not translate]. The source followed Hanif to the Freeport Star Hotel where%2C in the hotel's parking lot%2C he gave the package to a person named Muslih Odeh%2C who is also under surveillance. The source said that Odeh placed the package in the trunk of a car and immediately drove off.
CIA_41,Additional information was requested on 2 November%2C 2004 of the source who reported on the activities of Pyotr Safrygin on 1 September%2C 2004 [see CIA Report for 15 September%2C 2004]. This source was asked if he recognized the person at the farm  house from whom Safrygin had received the package marked "antibiotics". This source said he did not recognize the person at the farm house%2C but said he later learned that the farm house was owned by a scientist at Vector.
FBI_41,In light of the information in FBI report for 13 December%2C 2004%2C an immediate check was made of other cruise ship lines to see if there were other occurrences of such double bookings by Middle Eastern persons. Positive replies were obtained from the Royal Norwegian Lines in New York City and the Sea Aire Lines in Baltimore%2C MD. Royal Norwegian Lines reported that two men named Wali Shakur and Hamza al Midhar had%2C on 20 September%2C 2004%2C booked first-class accommodations on the "Viking Holiday" that left NYC on 14 November%2C 2004 and returned to NYC from Nassau on 21 November%2C 2004. These same two men had booked first-class accommodations on the same ship that left NYC for Nassau on 12 December%2C 2004 and is due to arrive back in NYC on 19 December%2C 2004. This cruise ship leaves Nassau on 18 December%2C 2004. The Sea Aire Lines reported the following information. Two men named Mounir Mzoudi and Mamoun Zammar had%2C on 21 September%2C 2004 booked two first-class accommodations on the "Caribbean Queen". The first was for a tour that left Baltimore for Freeport%2C The Bahamas on 7 November%2C 2004 and returned to Baltimore on 14 November%2C 2004. The second was for a tour on the "Caribbean Queen" that left Baltimore for Freeport on 12 December%2C 2004 and is due to arrive back in Baltimore on 19 December%2C 2004. This ship leaves Freeport on 17 December%2C 2004.
CIA_40,A case officer who is at the American embassy in Riyadh says he overheard a conversation at an embassy party between the Spanish ambassador to Saudi Arabia and an American consular official regarding the employment of Saudis in foreign embassies. During this conversation the Spanish ambassador mentioned that an entire family%2C of the name al Ghamdi%2C had worked at the Spanish embassy in Riyadh from 1970 to 1988. The ambassador went on to say that he had worked at this embassy as a clerk during this time and had become attached to the three al Ghamdi sons. He added with regret that all three of the boys%2C whom he had watched grow up%2C left Saudi Arabia and that two of them had been killed fighting for Al Qaeda in Afghanistan. The third son%2C he added%2C never returned to Saudi Arabia and the last he heard was that he had taken up residence in Santo Domingo and was now a cab driver.
FBI_40,An official of the Majestic Lines%2C a tourist ship lines reported to us an observation made on 29 November%2C 2004 by one of their booking agents. She said that two men with Middle Eastern names had booked two tours on the same ship for tours that left just a month apart. The first tour%2C aboard the "Majestic Clipper"%2C left Miami on 15 November%2C 2004 for Nassau%2C The Bahamas%2C and returned from  Nassau to Miami on 21 November%2C 2004. The second tour would leave Miami for Nassau on 13 December%2C 2004 and return from Nassau to Miami on 19 December%2C 2004. The two persons booking these tours on 20 September%2C 2004 were Said Khadr and Muhammed Dandani. Both held U.S. passports. They were booked for first-class accommodations on the "Majestic Clipper" for both of these tours. Khadr and Dandani took the first tour and are aboard the second.
NSA_22,Intercepted phone call on 28 November%2C 2004 from Havana%2C Cuba to Moscow%2C Russia. The call originated from an office at a Cuban Government building at 222 Fidel St. in Havana. The call was received at an office of Central Russia Airlines in Moscow. The caller says [in Russian]: "Hello Pyotr%2C Boris here. I am thinking of coming home in January%2C will I see you?" The receiver of the call says: "I'll be gone all of January%2C sorry. By the way%2C how did you do with the Arab in Casablanca?" The caller says: "Quite well%2C I sold him four canisters of L-one." The receiver says: "I wasn't supposed to tell you%2C but I sold him two of N-one. I wonder what they will do with this stuff?" The caller says: "The Arab told me that they would use it in the Middle East%2C possibly against American forces in Iraq. My guess is that they will use it against the Israelis. I will tell you more about it when we meet. I just bought a new house on the beach. You ought to come for a visit; you can meet my new wife."
NSA_21,Intercepted phone call on 28 November%2C 2004 from Bogota%2C Columbia to Cuidad Acuna%2C Mexico. The call originated from a pay phone in the Los Andes Hotel in Bogota; the receiver of the call was at a residence at 112 Ave. Zaragoza in Ciudad Acuna. The caller says [in Spanish]: "The next time you talk to your boys up north%2C tell them to make sure they get their stories straight." The person receiving the call says: "Don't worry%2C they know what they are supposed to do."
NSA_20,Intercepted phone call on 21 NOvember%2C 2004 from Chitral%2C Pakistan to a location in Havana%2C Cuba. The call from Chitral was from a prepaid cell phone using an unlisted ID number supplied by an Internet Cafe in Peshawar. The receiver of the phone call was at a phone listed at the Seashore Hotel in Nassau%2C The Bahamas. The caller says [in Arabic]: "Any news?" The recipient says: "Six guests arrived for their first visit and were well-entertained. I received both packages and will see that the antibiotics and medical supplies get to where they are required." In reply%2C the caller says: "This is good news%2C thanks."
CIA_39,Our source has now been employed by the Holland Orange Shipping Lines in Casablanca. He has been assigned to keep track of the activities of Abdellah Atmani. This source says that on 5 October%2C 2004 Atmani had a visitor wearing the uniform of a First Officer of Central Russia Airlines. This person gave Atmani a carefully wrapped package marked [in Russian] "Antibiotics". The source says that Atmani told the officer that he should tell his boss that this package will be aboard the "Dutch Courage" in good time. Later the same day%2C this source says he observed Atmani placing a Holland Orange shipping label on this package to an address in Santo Domingo%2C The Dominican Republic. The source could not see the street address to which this package would be sent.
FBI_39,Agents tracking domestic websites noted an item posted on a website called "Government Secrets". This website posts information that its sources claim are items of information being kept from the public by the US government. The sources are never identified on the website. On 6 December%2C 2004 was posted the following item:"We are always told how secure are the germ labs and storage areas are on Plum Island%2C just off Long Island. This is total BS. We know that fake IDs to get on Plum Island are not hard to get. And%2C we also know that%2C on 1 December%2C 2004%2C samples of a strain of foot and mouth disease was quite easily stolen from Lab 101 on Plum Island. How long is our government going to keep us in the dark about the lack of security on Plum Island. The safety of our food supply is at stake."
CIA_38,MI 6 provided additional information on the Malaysian named Ali Sufaat. It is now known that Sufaat lives at #13 Step St. in Nassau%2C The Bahamas. It is also known that Sufaat now works as a deck hand on the Island Freight Lines that makes regular runs between Nassau and Santo Domingo. Sufaat has been under surveillance and has had several contacts with Omar Hanif at the Seashore Hotel in Nassau.
FBI_38,On 3 December%2C 2004 this office received a letter from a person who signed his name "Juan". This letter%2C having no return address%2C was mailed from a post office in Farmers Branch%2C TX. Like the letter sent to the Houston field office%2C this one said that a Type A strain of foot and mouth disease was brought into the USA by persons who had traveled from Cartagena%2C Columbia%2C to Guane%2C Cuba%2C to Ciudad Madero%2C Mexico%2C to Ciudad Acuna%2C Mexico%2C and then on to Victoria%2C TX. The letter closed by saying that this strain of FMD was a "little greeting" from FARC and the ELN.
USCBP_02,A routine customs inspection was performed on a package that was sent by a person named Pieter Dopple%2C 22 Hoveniersstraat%2C Antwerp%2C Belgium. This package was addressed to A. Hijazi%2C 1212 Lyons Ave.%2C Newark%2C NJ. The customs form stated that this package contained two decorative clocks having a commercial value of $250.00. The package instead contained 111 polished diamonds%2C whose value is estimated to be $47%2C000. Discussions with the FBI resulted in a decision not to pursue a customs violation charge against HIjazi. The reason is that HIjazi is currently under FBI surveillance. This package was resealed and delivered to HIjazi by USPS.
CIA_37,In the CIA Report for 13 February%2C 2004 it was noted that Pakistani intelligence had agreed to keep a residence at 631 Nishtar Rd. in Karachi under surveillance. On 17 September%2C 2004 they reported to us that events had prompted a raid on this residence on 5 September%2C 2004. During this raid five persons were killed%2C among them two police officers. The three others killed were identified as: Abdul Jabarah [a Kuwaiti]%2C Fahd Jehani [a Saudi]%2C and Ramzi al Shibh [a Yemeni]%2C all of whom are known members of Al Qaeda. Jehani seems to have been a courier since he was carrying a packet of messages. Most of the messages contained instructions for insurgent activities in Pakistan%2C including an attempt to be made on 1 October%2C 2004 to destroy police HQ in Karachi. But one message was addressed to S. H in Chitral that read; "Allah%2C all praise to him%2C has provided the funds you need to finish your work. These funds will be on their way in ten days." This message was sent by a person only identified as Moataz [possibly an alias] and was sent from Gwadar%2C Pakistan.
FBI_37,On 1 December%2C 2004 this office received in the mail a letter signed "Ramon". This letter was mailed from a post office at Gulfgate in Houston but carried no return address. The letter said that a stain of Type A foot and mouth disease was now in Texas and that cattlemen around Victoria%2C TX would be the first to suffer. The note also said that members of FARC had traveled from Cartagena%2C Columbia to Guane%2C Cuba%2C to Chetumal%2C Mexico%2C to Piedras Negras%2C Mexico%2C and then to Victoria%2C TX.
USCBP_01,On 3 August%2C 2004 two men were apprehended at the Longhorn Motel in Carrizo Springs%2C TX. The motel owner%2C Mike Sanders%2C said he became suspicious of the two because of the identification they presented when they registered at his motel on 2 August%2C 2004. One of the men presented a Texas driver's license having a picture that seemed fuzzy. In addition%2C they listed a Texas car license as KHZ - 116. Sanders allowed the men to stay but made note of the address on the driver's license: 2233 Fannin St. in Uvalde%2C TX. Sanders informed the USCBP office in Laredo who verified that there is no such address in Uvalde%2C TX. In addition%2C there was no car in the motel's parking lot having the license plate KHZ - 116. When interviewed by USCPB officers%2C one of the men said their car had obviously been stolen from the motel's parking lot. Most probably%2C the two men had crossed the border in the vicinity of Piedras Negras and Eagle Pass. They were held for questioning. Examination of their luggage revealed several documents written in Arabic%2C that included instructions about how to make sarin gas and ricin.
CIA_36,Grigory Sizov%2C a former Soviet chemist who now teaches at a university in the USA%2C was asked what he could tell us about Boris Bugarov and his work in Cuba. Sizov said he knew Bugarov personally and had met him on a visit Sizov took to Moscow in 2002. Sizov said that Bugarov regards Castro as a buffoon but stays in Havana because he enjoys the climate and can make much more money there than in the former Soviet Union. Sizov also said that Bugarov showed him a picture of an attractive Cuban woman whom Bugarov said he planned to marry. Sizov said that Bugarov told him almost nothing about his work in Cuba. However%2C he said he was free to travel and had some very capable assistants who helped him with all sorts of things. Sizov said he guessed that Bugarov might still be involved in BW work but might also be involved in the distribution of narcotics. Finally%2C Sizov said he could not help noticing the several flashy diamond rings Bugarov was wearing when they met.
FBI_36,Results of investigation of Abdul al Nami in Detroit. As requested%2C al Nami arrived at the Detroit office on the morning of 27 October%2C 2004. He was first asked about his association with Satam [alias Ronald] Derwish in Windsor%2C Ontario. al Nami said that they were friends and that they attended the same mosque in Detroit. He was then asked if he had corresponded with anyone in Marrakech%2C Morocco; he replied that he had never done so. Then he was asked if he had ever met or had any dealings with a person named Khaled Jehani [see DIA Report: 5 March%2C 2004]. al Nami replied that he had never heard of this person. Asked what the nature of his work was at Detroit Utilities Co. and how it involved the SCADA systems%2C al Nami replied that it was his job to make sure that his company made full use of the operational characteristics of these control and data acquisition systems. Asked if he ever accessed these systems from his home%2C al Nami replied that the demands of his job required that he do lots of work at home at nights and on weekends. Asked if he had ever heard about a project called "Black Ice"%2C he said he had not. On evidence supplied by the various communications received regarding al Nami%2C a warrant to search his residence was approved by the court. Among the items found at his residence was a document describing the results of the "Black Ice" project that was designed to assess the various vulnerabilities associated with the SCADA systems. In addition%2C items associated with the construction of e-bombs were also found. al Nami is now in custody as further investigation proceeds.
CIA_35,From information obtained from the Center of Disease Control [CDC} it was learned that 97 cases of foot and mouth disease have been confirmed in the vicinity of Bucaramanga in Columbia. CDC says these cases all appear to be FMD type A.
FBI_35,On 29 October%2C 2004 investigators went to the offices of the American Islamic Scholarship Fund located at 1721 Glade Dr. in Reston VA. There they interviewed the director of this fund%2C a man named Abdul Karim. Karim led the initial discussion and described how many deserving students of Islamic descent had been assisted by this scholarship fund since it was begun in 1991. Karim was first asked if this Fund did indeed receive the $48%2C000 scholarship donation made by a man named Adnan Hijazi on 14 September%2C 2004. Checking his records%2C Karim verified the receipt of this donation by Karim. Then Karim was asked for the names of persons who received money from this donation from Hijazi. Karim hesitated at first and then said: "Every now and then we receive money from donors who identify the students to whom the scholarship money should go. This happened in the case of Hijazi's donation." Checking his records again%2C Karim said: "HIjazi stipulated that $8%2C000 should go to each one of the following students: Wali Shakur%2C 224 Paulson Ave. CLifton%2C NJ; Hamza al Midhar%2C 1641 Pitkin Ave. Brooklyn%2C NY; Mounir Mzoudi%2C 2116 27th St. Laurel%2C MD; Mamoun Zammar%2C 1621 Charles Ave.%2C Potomac%2C MD; Said Khadr%2C 6132 Broward Blvd.%2C Fort Lauderdale%2C FL; Muhammed Dandani%2C 455 11th St.%2C Miami Beach%2C FL." Karim then said that these amounts of money were sent to each of these persons on 17 September%2C 2004. Finally%2C Karim was asked if Hijazi had made any other donations to this fund in the past.  Karim said that his recollection was that Hijazi had contributed to the scholarship fund on two other occasions%2C once in 1999 and once in 2001.
CIA_34,A source in Moscow who happens to work under the direction of Pyotr Safrygin at Central Russia Airlines says he drove Safrygin to a location near Strizhi on 1 September where Safrygin met a man in a farm house. The source says Safrygin gave the man a bag%2C probably containing rubles%2C and received a package about the size of four shoeboxes that was marked [in Russian] "antibiotics". On the way back to Moscow%2C the source said Safrygin told him that these antibiotics were to be sold on the black market in Africa.
FBI_34,The RCMP reported to us the results of their investigation of the activities of Satam [alias Ronald] Derwish%2C 811 Tecumseh Rd.%2C Windsor%2C Ontario. On 25 October%2C Derwish was approached by officers at his place of work at Canada Eastern Airlines in Windsor. The officers said that Derwish agreed to accompany them to the RCMP main office in Windsor. During his interview Derwish denied having any contact with a person in Marrakech%2C Morocco [see NSA Report: 1 July%2C 2003; also see DIA Report: 5 March%2C 2004] and said he had no idea who "Abdul" was. Shown a photo of him [Derwish] in company with Abdul al Nami in Detroit on 18 July%2C 2004%2C Derwish said: "I never knew him by the name Abdul; I knew him as Ali. We have attended the same mosque in Detroit. "Subsequent court-approved investigation of Derwish's residence revealed an assortment of copper tubing%2C copper wires%2C batteries%2C and a supply of conventional explosives%2C all of which are components of an electromagnet ic pulse bomb. Derwish was held in custody and investigations continue.
CIA_33,This report was issued in response to an FBI request for information regarding Abdul Nasser and Ali al-Omari. It is known that an Abdul Ahmed Nasser ran a chemical weapons training program in Afghanistan at the Al Khuldan camp in the Khost area from 1999 - 2001 [also see DIA Report for 12 February%2C 2004]. Recently translated records obtained from a computer hard disk reveal that a Saudi named Ali al Omari was a student at this camp in February of 2000.
FBI_33,Investigation of the residence at 3236 Pine St. in Bellaire%2C Texas revealed a receipt for the rental of a storage unit # 124 at the StoreAll Rental facility at 4618 Bissonnet St. in Houston. Unit 124 was empty but careful examination of it revealed traces of C-4 and Semtex. The owner of StoreAll Rental said that the renter of unit 124 had told him on 15 October%2C 2004 that he would not need this unit any longer. The owner remembered that four men%2C using a RentAll truck had removed the contents of this storage unit the next day.
CIA_32,Further information provided by MI 5 regarding Muslih Odeh [see CIA Report: 25 September%2C 2003]. MI 5 reports that there is no record of Odeh's having a British passport%2C but he may have a Saudi passport. He is known to be employed by the Freeport Star Hotel in Freeport%2C The Bahamas and is currently under surveillance.
FBI_32,Our informant in God's Aryan Militia advises that he has not seen Khalid Shamrani for nearly a month and that efforts to contact him at his home in Bellaire%2C Texas have been unsuccessful. Investigators immediately went to TexEast Petroleum Co. where Shamrani has been employed. Officials at this company said that on 18 September%2C 2004 Shamrani had requested a month's leave of absence in order to return to Saudi Arabia to be with his dying mother. Shamrani had been placed on a watch list and subsequent checks with USCIS reveal that no one named Shamrani had left the USA in the past month.
CIA_31,Further information about the background of Boris Bugarov is provided. From information gathered some time ago from Russian sources%2C Bugarov was born in 1950 in the town of Saratov and was trained in biology at Moscow State University. He appears to have joined the Vector institute around 1986 and he became an expert in developing aerosolized forms of biological weapons. It is believed Bugarov worked on aerosolized forms of India-1 smallpox and pneumonic plague. More recent sources say that Bugarov went to Cuba but then returned to Moscow sometime in 1992. He is reported to have divorced his wife in 1993 and has returned to Cuba. However%2C he still travels frequently to Europe%2C the Middle East and in South America. It is also known that Cuba has an active biological weapons program.
FBI_31,Acting immediately in response to the FBI HQ alert of 11 October%2C 2004%2C the Detroit office began an enhanced surveillance of four individuals known to be in the Detroit/ Windsor area who might be involved in activities designed to disrupt SCADA systems. These persons are: Satam [alias Ronald] Derwish%2C 811 Tecumseh Rd.%2C Windsor%2C Ontario; Abdul al Nami%2C 562 Fenkell Ave.%2C Detroit; Rifai Qasim%2C address unknown; and Raeed Beandali [alias Ralph bean]%2C address unknown. The cooperation of the RCMP was requested in following the activities of Derwish. Investigators went immediately to al Nami's residence at 562 Fenkell Ave. but found he was not at home. Checks with his employer%2C Detroit Utilities Co.%2C revealed that he was on a week's vacation in Canada and would be back to work on 20 October%2C 2004. His employers at Detroit Utilities were strongly advised not to reveal to al Nami that he was under investigation.
CIA_30,Sources tracking Cesar Arze in Santo Domingo report that%2C on 1 May%2C 2004%2C Arze was photographed at a park in Santo Domingo in company with Carlos Morales and a man now identified as a Cuban named Jose Escalante. It is now known that Arze and Escalante received training together in 1992 - 1993 at a school for medical technicians in Havana%2C Cuba. Arze has been suspected of associations with Cuban intelligence [See CIA Report 22 February%2C 2003]. Additional information is now available on Carlos Morales%2C who was overheard speaking fluent Arabic [see CIA Report 15 November%2C 2003]. Our sources in Buenos Aires%2C Argentina report that there is a considerable traffic in forged birth certificates among members of the Islamic community in Argentina.
FBI_30,Continuing surveillance of Adnan Hijazi reveals that%2C on 14 September%2C 2004%2C he sent a bank wire transfer of $48%2C000 to the account of an organization called the American Islamic Scholarship Fund%2C which is located at 1721 Glade Dr. in Reston%2C VA.
NSA_19,Intercepted phone call on 15 November%2C 2004 from Bogota%2C Columbia to Tampico%2C Mexico. The call originated from a pay phone in the Los Andes Hotel in Bogota; the receiver of the call was at a residence at 555 La Mirada St. in Tampico. The person at the residence has now been identified as a Saudi named Riyad Said. He has been using the alias "Jose Ramirez". In this call the caller says [in Spanish]: "What happened to your two guests who arrived a few weeks ago?" The reply was: "They made it just fine and the new route works great. I heard from them two days ago and they have made their destinations up north."
NSA_18,Intercepted phone call from Chitral%2C Pakistan to a location in Havana%2C Cuba. The call from Chitral was from a prepaid cell phone using an unlisted ID number supplied by an Internet Cafe in Peshawar. The receiver of the phone call was at the address: 16 Plasencia St.%2C Havana. The caller says [in Russian]: "Have the medical supplies to Morales by November 21st for sure. As soon as I hear from him your rocks will be on the way." The reply given was: "Don't worry%2C my boys are very good."
NSA_17,Intercepted phone call from Bogota%2C Columbia to Tampico%2C Mexico. The call originated from a pay phone in the Los Andes Hotel in Bogota; the receiver of the call was at a residence at 555 La Mirada St. in Tampico. The caller said [in Spanish]: "Your first two guests will arrive on the tenth of this month at the new place. Make sure you tell them to avoid going north through Piedras Negras. We believe Rinaldo and Carlos have been caught." The reply is: "We will send them through Cuidad Acuna. The other place looks bad too."
NSA_16,Intercepted phone call on 28 September%2C 2004 from Havana%2C Cuba to Santo Domingo%2C Dominican Republic. The Havana call originated at 45 Desague St. in Havana listed in the name Jose Escalante; the destination was at 65 Ave. San Martin in Santo Domingo%2C listed in the name Carlos Morales. The caller says [in Spanish]: "Hello Carlos%2C I'm calling just to tell you that Arze will have the medical supplies to you by November 21st. You know who to give them to?" The reply is: "Yes%2C some guy named Sufaat. He also gets the antibiotics that I just heard about from the Arab. They will also be here by November 21st. Where is all this stuff going?" The caller says: "I don't know anything about any antibiotics. I guess we are not supposed to know%2C but my guess is that they will go to our friends in Columbia."
NSA_15,Intercepted phone call on 12 September%2C 2004 from Tehran%2C Iran to Tampico%2C Mexico. The caller was at a phone in the Cultural Ministry in Tehran; the receiver of the call was at 555 La Mirada St. in Tampico. The caller says [in Pharsi]: "Our Crusader enemies have a saying 'Diamonds are a girl's best friend'. Do you understand what I mean?" The receiver says: "I understand completely. They will be our best friends too."
NSA_14,Intercepted phone call on 5 September%2C 2004 from a phone at Central Russia Airlines in Moscow to an unlisted cell phone in Chitral%2C Pakistan. The caller says [in Russian]: "I got the first payment and have obtained what you wanted. Let me know when you wish me to deliver this stuff." The recipient of the call says: "Fine%2C it will not be too long now."
NSA_13,Intercepted phone call from Bogota%2C Columbia to Tampico%2C Mexico. The call originated from a pay phone in the Los Andes Hotel in Bogota; the receiver of the call was at a residence at 555 La Mirada St. in Tampico. The caller began by saying [in Spanish]: "As you have heard%2C our Arab friends need to find a new way north. We hear that Chetumal may not be good any more. Can you recommend another stopover?" The recipient of the call replies: "Yes%2C we have given this some thought and recommend you try Ciudad Madero. We are close by and can provide help. This will also make the route to Ojinaga shorter. Will we have access to the same funds?" The reply was "Yes%2C of course. This sounds very good."
NSA_12,Intercepted phone call from Calamar%2C Columbia to Ojinaga%2C Mexico. The caller was using a pay phone at the Los Palmas Hotel in Calamar. The receiver was at a pay phone in the Cabrito Hotel.in Ojinaga. In a brief message the caller said: "Expect Jose and Carlos on May first. Don't let them go north until you hear from us." The receiver replies: "I know there has been trouble. But you must send us more money to cover expenses."
NSA_11,Intercepted phone call from Chitral%2C Pakistan to a location in Havana%2C Cuba. The call from Chitral was from a prepaid cell phone using an unlisted ID number supplied by an Internet Cafe in Peshawar. The receiver of the phone call was at the address: 16 Plasencia St.%2C Havana%2C the residence of Boris Bugarov. The caller says [in Russian]: "The medical supplies will go to Morales in Santo Domingo%2C we will tell you when. You will receive a payment at the end of the month." The receiver says [in Russian]: "That's fine%2C I will let Escalante handle all the arrangements for the shipment."
